project_id,start_date,end_date,project_outcomes,lessons_learned,customer_satisfaction
PROJ-0001,2023-09-22,2024-05-19,"The strategic AI/ML platform modernization for Margie's Travel Corp successfully delivered a more efficient and scalable infrastructure that improved data processing capabilities by approximately 30%. The project maintained a budget variance of only -1.9%, reflecting effective cost management despite the complexities encountered. However, the overall health of the project was classified as 'At Risk' due to delays in integration phases and initial stakeholder engagement challenges. The customer satisfaction rating of 3.8/5.0 highlights areas for improvement, particularly in communication and support throughout the project lifecycle.","One key lesson learned was the importance of early and consistent stakeholder engagement to foster collaboration and clarity around project goals. Challenges in integrating legacy systems underscored the need for comprehensive risk assessments and contingency planning at the project's outset. Additionally, the team recognized that better alignment of resources and more proactive status updates could have mitigated some risks and enhanced overall project health. Future initiatives should place a stronger emphasis on feedback loops to ensure that customer expectations are effectively managed throughout the development process.",3.8
PROJ-0002,2023-02-09,2023-06-09,"The Northwind Strategic AI/ML Platform Solution was successfully delivered within a timeframe of four months, meeting the client's expectations and requirements. The platform implemented advanced machine learning capabilities that enhanced data-driven decision-making processes within Northwind Health Systems. With a final budget variance of -4.9% and hours variance of -4.4%, the project not only adhered to its financial constraints but also fostered an efficient use of resources. Customer satisfaction was rated at 4.5 out of 5.0, indicating a positive response from stakeholders and users alike regarding the platform's functionality and ease of integration.","One of the key lessons learned from this project is the importance of proactive communication with stakeholders to ensure alignment on goals and timelines. Regular updates and feedback sessions contributed to the high level of customer satisfaction reported at the project's conclusion. Additionally, we identified that incorporating iterative feedback loops with end users during the development phase greatly improved the platform's usability and acceptance. Finally, the slight budget and hours variances highlight the success of our resource management strategies, reinforcing the need for continual monitoring and adjustments as required.",4.5
PROJ-0003,2023-12-28,2025-05-21,"The Alpine Unified Cloud Migration Program successfully transitioned all key services and applications to the cloud, resulting in improved operational efficiency and reduced infrastructure costs. The project was completed ahead of schedule and under budget, achieving a final budget variance of -26.9% and a final hours variance of -27.0%. Customer satisfaction was exceptional, with feedback rating the project at 4.9 out of 5, highlighting the effectiveness of our change management strategies and user training sessions. Overall, the health of the project was deemed healthy, setting a strong foundation for ongoing support and future enhancements.","One key lesson learned was the importance of early stakeholder engagement, which significantly contributed to a smooth transition process and high satisfaction levels. Additionally, we recognized the necessity of flexible project management approaches, enabling us to adapt to unforeseen challenges without impacting the timeline or budget. It is crucial to ensure continuous communication and training for end users to maximize adoption rates, which played a vital role in the project's success. Lastly, thorough documentation throughout the project phases has proven essential for post-launch support and will be prioritized in future engagements.",4.9
PROJ-0004,2023-07-12,2023-11-09,"The Fabrikam Accelerated Application Modernization Initiative successfully modernized critical applications, resulting in improved system performance and user experience. Key deliverables were met within a slight budget and hours variance, demonstrating effective resource management despite unforeseen challenges. Customer feedback rated satisfaction at 4.2 out of 5.0, indicating a generally positive reception of outcomes, though areas for improvement were noted. However, overall project health was flagged as 'At Risk,' signaling ongoing concerns that necessitate further attention and support beyond project completion.","The project highlighted the importance of clear communication and defined expectations among all stakeholders to mitigate risks. Early identification of potential roadblocks allowed for timely interventions, yet certain unexpected challenges still affected the project's health. Future initiatives could benefit from more robust risk management strategies and a proactive engagement plan with the client. Additionally, continuous feedback loops throughout the project lifecycle proved crucial in adapting to changing requirements and maintaining client satisfaction.",4.2
PROJ-0005,2023-03-03,2024-09-23,"The Woodgrove Accelerated ERP Modernization Platform was successfully implemented within budgetary and time constraints, achieving a variance of just 1.0% on the final budget and 0.9% on hours. Despite encountering various challenges throughout the project duration, the new ERP system has enhanced operational efficiency for Woodgrove Energy, allowing for improved data management and reporting capabilities. Customer satisfaction, while not at the highest level, reflects a moderate appreciation for the deliverables, indicating areas for improvement in future engagements.","One significant lesson learned from this project is the importance of proactive communication with the client to manage expectations effectively, which could have mitigated challenges faced during the implementation phase. Additionally, the variability in customer satisfaction suggests that gathering more frequent feedback during the project lifecycle could allow for timely adjustments and improvements. Finally, the project's overall health highlighted the need for agile adaptability in response to unforeseen circumstances, emphasizing the value of maintaining a flexible project management approach.",3.6
PROJ-0006,2025-02-07,2025-04-08,"The Trey Unified Digital Transformation Advisory Platform successfully delivered enhanced digital capabilities tailored for Trey Research Labs. Key deliverables included a comprehensive digital strategy, a roadmap for technology integration, and initial training sessions for staff, contributing to a smoother transition to digital processes. Stakeholder engagement was high, reflecting our effective communication and collaborative approach throughout the project. Despite budget and hours staying within projected estimates, a few unexpected technological challenges were encountered, necessitating quick adaptations to our initial plans.","We discovered the importance of early stakeholder involvement in identifying potential technological barriers, which could enhance timelines and overall project success in future engagements. Feedback gathered during the project indicated that the customer valued clear communication and frequent updates, highlighting the need for a structured communication plan. Additionally, while the project's health was classified as healthy, the customer satisfaction score of 3.4 suggests room for improvement, particularly in managing expectations and delivering beyond standard service levels. In future projects, we aim to implement more robust tracking mechanisms for time and materials to ensure alignment with budgetary constraints.",3.4
PROJ-0007,2024-08-27,2025-05-24,"The AI/ML Platform project for Litware Telecom successfully delivered a foundational architecture for machine learning processes, enabling the customer to advance their AI capabilities. Although the project faced significant budget and hours overruns, ultimately resulting in a final variance of -56.8%, key functionalities were implemented, including data ingestion pipelines and model training frameworks. Despite these challenges, the platform now supports improved analytics, positioning Litware Telecom for future innovations in telecommunications services.","Throughout the project, it became evident that maintaining clear communication between teams was critical to mitigate misunderstandings and ensure alignment on project goals. The customer satisfaction rating of 3.0/5.0 highlights the need for better expectation management and engagement with stakeholders to facilitate a more collaborative working relationship. Moreover, the significant budget and time variances prompt a reevaluation of resource allocation strategies and milestone definitions for future projects to avoid similar discrepancies.",3.0
PROJ-0008,2023-09-06,2023-12-05,"The Contoso Accelerated Security Transformation Initiative successfully met its objectives, enhancing the security framework of Contoso Financial Group. The project concluded within the allocated timeframe, achieving a budget variance of -2.1%, which highlights effective resource management and cost control. Customer satisfaction ratings were high at 4.7 out of 5, indicating that the deliverables exceeded client expectations and added significant value to their operations. Overall, the project maintained a healthy status throughout its duration, ensuring that all milestones were met and stakeholder engagement was prioritized.","One key lesson learned was the importance of continuous communication with stakeholders, which helped align expectations and facilitated timely feedback during the project. Additionally, the minor variances in hours and budget demonstrated the significance of agile methodologies in adapting to unforeseen challenges without compromising quality. Another valuable takeaway was the need for thorough initial assessments to ensure that all potential risks are accounted for, enabling a smoother execution phase. Finally, the team recognized that investing in training for internal staff on new security protocols will enhance long-term sustainability and operational resilience.",4.7
PROJ-0009,2024-01-12,2024-05-11,"The Proseware Next-Gen Digital Transformation Advisory Initiative successfully identified key areas for enhancement within the organization’s digital infrastructure. Although the final budget and hours were under target, indicative of the project's efficiency, the lower customer satisfaction rating reflects unmet expectations regarding comprehensive solutions. Enhanced insights into the client’s operational needs led to the development of strategic recommendations, setting the stage for future implementation phases. However, the overall health of the project being 'At Risk' signals the necessity for better stakeholder alignment throughout the project lifecycle.","One critical lesson learned is the importance of maintaining consistent communication with stakeholders to ensure expectations align with deliverables. The project's variance in budget and hours demonstrates that tight project management can lead to efficiencies, but we must not lose sight of customer engagement and satisfaction. Additionally, early identification of risks could facilitate timely interventions, thus improving project outcomes. Future engagements should incorporate a more dynamic feedback loop to adapt our approach based on client input, ultimately enhancing the customer experience.",3.2
PROJ-0010,2023-09-20,2024-09-14,"The Relecloud Accelerated AI/ML Platform Program was successfully delivered, albeit with notable challenges. The project achieved its core objectives of establishing a scalable AI/ML infrastructure, enabling Relecloud Insurance to harness advanced analytics for improved decision-making. However, the final budget and hours were under the initial projections, indicating that more comprehensive planning and resource allocation was necessary at the outset. Despite the technical implementations, the customer satisfaction score of 2.7 out of 5 reflects significant room for improvement in client communication and expectation management throughout the process.","This engagement highlighted the importance of clear communication and setting realistic expectations with clients from the beginning. Regular check-ins with stakeholders could have facilitated more immediate feedback and adjustments, potentially improving overall satisfaction. Additionally, the project experience underscored the need for adaptable project management strategies that account for potential scope changes and resource fluctuations. Future projects will benefit from a strengthened emphasis on aligning technical deliverables with the strategic goals of the client to ensure not only operational success but also higher satisfaction rates.",2.7
PROJ-0011,2023-02-19,2023-06-19,"The Woodgrove Accelerated Security Transformation Initiative successfully met its core objectives of enhancing the security posture of Woodgrove Energy. Key deliverables included the implementation of advanced security protocols and real-time monitoring solutions that effectively reduced vulnerabilities by 30%. Additionally, the project stayed within a favorable budget variance of -1.9% and maintained efficient use of resources with a final hours variance of -1.8%. While customer satisfaction achieved a rating of 3.4/5.0, insights indicate that there is room for improving communication throughout the project lifecycle to ensure higher client engagement.","Throughout the project, it became evident that early stakeholder engagement is critical for aligning expectations and fostering collaboration. Challenges arose from unforeseen technological compatibility issues, highlighting the importance of thorough pre-implementation assessments. Additionally, regular check-ins and feedback loops with the client can significantly enhance satisfaction levels, as consistent communication proved to be a focal point for improvement. Time invested in comprehensive training and support materials post-implementation was paramount in ensuring that the client's team transitioned smoothly to the new security systems.",3.4
PROJ-0012,2024-11-24,2025-03-24,"The Northwind Accelerated Security Transformation Modernization project successfully achieved its main objectives within a significantly reduced budget and hours, demonstrating our team's effectiveness in resource optimization. Customer satisfaction ratings reached 4.5 out of 5, indicating a strong approval from Northwind Health Systems regarding the project deliverables and engagement process. This transformation not only enhanced their security infrastructure but also positioned Northwind to better navigate the evolving healthcare regulatory landscape, ensuring compliance and safeguarding sensitive patient information.","One key lesson from this project was the importance of aligning closely with customer expectations and maintaining transparent communication throughout the engagement. The significant budget and hours variance highlighted the benefits of agile project management practices, allowing for quick adaptability to changing requirements. Additionally, investing time upfront in understanding the unique challenges of the healthcare sector proved invaluable, enabling our team to deliver targeted solutions that specifically addressed the needs of Northwind Health Systems.",4.5
PROJ-0013,2023-11-16,2025-04-09,"The Proseware Unified ERP Modernization Program was successfully implemented, leading to upgraded systems that enhanced operational efficiency and user engagement. Despite the project encountering challenges that affected overall health and stakeholder satisfaction, the final deliverables met the baseline requirements as outlined in the initial project scope. However, the project experienced a significant budget and hours variance, reflecting the complexities encountered during implementation and the need for more meticulous resource forecasting.","This project highlighted the critical importance of stakeholder communication and expectation management throughout the project lifecycle. Regular check-ins and transparent updates are essential to maintain engagement and satisfaction, especially when facing challenges. Additionally, a more robust risk assessment strategy at the project's onset could help identify potential pitfalls early on, leading to better resource allocation and ultimately a more favorable outcome.",2.8
PROJ-0014,2024-05-29,2024-12-25,"The Trey Integrated Security Transformation Platform project successfully delivered enhanced security protocols and system integration for Trey Research Labs, aligning with their commitment to cutting-edge technology solutions. The project was completed within a slight cost variance of -2.9% and time variance of -3.2%, reflecting efficient resource management and project execution. Customer satisfaction was recorded at 4.3 out of 5.0, indicating overall approval of the deliverables, though the overall health of the project was 'At Risk' due to challenges encountered during implementation phases.","Throughout the project's lifecycle, effective communication between project stakeholders proved critical; however, gaps in alignment on project objectives led to misunderstandings during execution. Future projects could benefit from establishing clearer success metrics and conducting more frequent progress check-ins to mitigate such risks. Additionally, a more thorough change management process should be integrated to address the evolving requirements of the customer more proactively. This experience underscores the importance of adaptability and stakeholder engagement in managing project complexities.",4.3
PROJ-0015,2024-12-17,2025-06-15,"The AI/ML Platform project successfully laid the foundational architecture for Wide World Importers to harness artificial intelligence and machine learning capabilities within their operations. The system was designed to integrate with existing retail and e-commerce processes, improving data analytics and decision-making. However, several challenges arose during the implementation phase which led to delayed milestones and impacted overall project health. Despite achieving some initial objectives, customer satisfaction scores reflected concerns over usability and integration, highlighting areas needing further enhancement.","This project underscored the importance of clear communication and stakeholder involvement throughout the engagement. Early identification of potential integration challenges could have facilitated more proactive adjustments to the project plan, preventing delays and budget overruns. Additionally, regular feedback loops with the customer would have helped align expectations and increase satisfaction. Future projects should prioritize thorough testing and user training to ensure seamless adoption of new technologies.",3.6
PROJ-0016,2023-10-09,2024-05-06,"The Litware Integrated DevOps & Infrastructure Automation Platform project successfully delivered key functionalities that have streamlined Litware Telecom's operational processes, enhancing efficiency and reducing time-to-market for new features. Despite facing challenges throughout the engagement, including integration complexities and resource constraints, the project was completed within a budget variance of -4.6%, demonstrating financial discipline. However, the overall health rating of 'At Risk' signifies the need for ongoing support and potential adjustments in the platform to meet the evolving business needs of Litware.","One significant lesson learned is the importance of aligning stakeholder expectations from the outset, as misalignments contributed to some critical delays. Additionally, fostering better communication among cross-functional teams could have alleviated many integration challenges encountered during the development phase. Continuous feedback loops with the client are crucial; a more actively engaged approach would likely improve customer satisfaction ratings in future projects.",3.8
PROJ-0017,2023-05-11,2024-02-05,"The Margie's Accelerated AI/ML Platform Solution successfully delivered a robust and scalable AI/ML platform that enhanced the operational efficiency of Margie's Travel Corp. Throughout the engagement, we optimized their data processing capabilities, significantly reducing the time required for analysis and decision-making. The project came in slightly under budget and within an acceptable range of hours, affirming our team's effective resource management and planning. Although customer satisfaction was moderately rated at 3.5/5.0, the platform's implementation has provided a solid foundation for future enhancements and innovations within their transportation operations.","Clear communication and regular stakeholder engagement were critical to navigating the complexities of this project, and it became evident that setting expectations early on can help manage potential challenges. It was also noted that while the time & material approach offered flexibility, a more structured framework for milestone tracking could have improved the overall project flow. Moreover, eliciting feedback from end users throughout the development process is essential to ensure the solution meets their needs effectively. Finally, investing time in training and support for the client's team helps in fostering greater acceptance of the new system and encourages a smoother transition.",3.5
PROJ-0018,2024-02-07,2025-04-02,"The Proseware Unified Cloud Migration Platform was successfully launched within the defined timeline but faced significant challenges that affected the project's overall health. Despite a budget variance of -24.9% and hours variance of -24.7%, the team was able to deliver the core functionalities as outlined in the project scope. However, customer satisfaction was rated at 2.4 out of 5, indicating that the project's execution did not meet the client's expectations, particularly in areas such as communication and support during the migration process. This experience has highlighted the critical need for stronger stakeholder engagement and proactive issue resolution throughout the project lifecycle.","Communication gaps between the project team and the customer were a major factor contributing to the project's challenges. Enhancing stakeholder management and ensuring regular progress updates could have mitigated misunderstandings and led to a more aligned vision. Additionally, resource allocation could have been optimized to better meet the evolving demands of the project. Going forward, establishing clearer performance metrics and client feedback loops should be prioritized to improve project outcomes and customer satisfaction in future engagements.",2.4
PROJ-0019,2024-01-30,2024-07-28,"The Wide Unified Data Platform was successfully built and deployed within a timeframe of six months, despite some challenges along the way. The platform now enables Wide World Importers to integrate and analyze their data more efficiently, resulting in improved decision-making capabilities. Customer feedback indicated a satisfaction rating of 4.0 out of 5.0, demonstrating that the majority of expectations were met, although there were areas identified for future improvement. Overall, the project concluded with a budget variance of -3.4% and a hours variance of -2.9%, aligning closely with the initial estimates.","One of the key lessons learned was the importance of proactive communication with stakeholders to manage expectations and address potential project risks early. We encountered unforeseen technical challenges that impacted the overall health of the project, highlighting the need for more robust risk mitigation strategies. Additionally, engaging with end-users during the development process would have allowed for better alignment with their needs and ultimately could have improved customer satisfaction. Finally, a thorough post-implementation review should be scheduled to ensure long-term success and address any lingering issues.",4.0
PROJ-0020,2023-05-13,2023-11-09,"The Alpine Integrated Cloud Migration Engagement successfully transitioned Alpine Ski House Hospitality to a cloud-based infrastructure, allowing for improved scalability and efficiency in their operations. Despite the overall health of the project being categorized as challenged, we achieved a budget variance of -2.7% and a final hours variance of -3.3%, indicating better resource management than initially projected. Additionally, the migration paved the way for enhanced data management and improved accessibility for the client's services, though user adoption remains a critical area for ongoing focus. Overall, the foundation for future IT enhancements has been established, setting the stage for potential further collaboration with the client.","One key lesson from this engagement is the importance of aligning project timelines with client expectations and ensuring that all stakeholders are engaged throughout the process. We observed that, despite achieving efficiency in resources, communication gaps led to misunderstandings about the migration timeline, affecting customer satisfaction, which resulted in a score of only 2.7/5.0. Additionally, proactive change management practices would have better prepared end-users for the transition, highlighting the necessity of including training sessions earlier in the project. Future projects will benefit from clearly defined milestones and regular check-ins with the client to monitor satisfaction and adopt an agile approach to address emerging issues promptly.",2.7
